{"cameraMode":{"drawMode":0,"name":"Shaded","section":"Shading Mode"},"sceneLighting":false,"audioPlay":false,"sceneViewState":{"showFog":true,"showMaterialUpdate":false,"showSkybox":false,"showFlares":true,"showImageEffects":true,"showParticleSystems":true},"in2DMode":false,"pivot":{"x":-0.1610633134841919,"y":0.01850000023841858,"z":-0.1507856249809265},"rotation":{"x":0.1776135414838791,"y":0.4013083875179291,"z":-0.07963274419307709,"w":0.8950266242027283},"size":10.0,"orthographic":true}