{"cameraMode":{"drawMode":0,"name":"Shaded","section":"Shading Mode"},"sceneLighting":false,"audioPlay":false,"sceneViewState":{"showFog":true,"showMaterialUpdate":false,"showSkybox":false,"showFlares":true,"showImageEffects":true,"showParticleSystems":true},"in2DMode":false,"pivot":{"x":-3.890000104904175,"y":3.171983242034912,"z":18.28260040283203},"rotation":{"x":-0.0031609104480594398,"y":0.8776636123657227,"z":0.005795944016426802,"w":0.47923800349235537},"size":1.9124891757965088,"orthographic":true}