{"cameraMode":{"drawMode":0,"name":"Shaded","section":"Shading Mode"},"sceneLighting":true,"audioPlay":false,"sceneViewState":{"showFog":true,"showMaterialUpdate":false,"showSkybox":true,"showFlares":true,"showImageEffects":true,"showParticleSystems":true},"in2DMode":false,"pivot":{"x":-0.07088899612426758,"y":-0.2650551199913025,"z":9.121190071105957},"rotation":{"x":0.11577633768320084,"y":0.7756136655807495,"z":-0.14908327162265778,"w":0.6023265719413757},"size":2.305577039718628,"orthographic":true}