{"cameraMode":{"drawMode":0,"name":"Shaded","section":"Shading Mode"},"sceneLighting":false,"audioPlay":false,"sceneViewState":{"showFog":true,"showMaterialUpdate":false,"showSkybox":false,"showFlares":true,"showImageEffects":true,"showParticleSystems":true},"in2DMode":false,"pivot":{"x":4.589868545532227,"y":-5.1622467041015629,"z":9.756021499633789},"rotation":{"x":0.2364867627620697,"y":0.38207143545150759,"z":-0.10179833322763443,"w":0.8875480890274048},"size":0.8660253882408142,"orthographic":true}