{"cameraMode":{"drawMode":0,"name":"Shaded","section":"Shading Mode"},"sceneLighting":false,"audioPlay":false,"sceneViewState":{"showFog":true,"showMaterialUpdate":false,"showSkybox":false,"showFlares":true,"showImageEffects":true,"showParticleSystems":true},"in2DMode":false,"pivot":{"x":2.490000009536743,"y":0.0,"z":18.280000686645509},"rotation":{"x":-0.058284517377614978,"y":0.8468093276023865,"z":0.09490177780389786,"w":0.5201122760772705},"size":1.7932506799697877,"orthographic":true}